<BoardCoding>
    <Cell>
        <Red>0</Red>
        <Green>0</Green>
        <Blue>0</Blue>
        <Black>0</Black>
        <Image>rgb/0000.jpg</Image>
    </Cell>
    <Cell>
        <Red>0</Red>
        <Green>0</Green>
        <Blue>1</Blue>
        <Black>0</Black>
        <Image>rgb/0010.jpg</Image>
    </Cell>
    <Cell>
        <Red>0</Red>
        <Green>1</Green>
        <Blue>0</Blue>
        <Black>0</Black>
        <Image>rgb/0100.jpg</Image>
    </Cell>
    <Cell>
        <Red>0</Red>
        <Green>1</Green>
        <Blue>1</Blue>
        <Black>0</Black>
        <Image>rgb/0110.jpg</Image>
    </Cell>
    <Cell>
        <Red>1</Red>
        <Green>0</Green>
        <Blue>0</Blue>
        <Black>0</Black>
        <Image>rgb/1000.jpg</Image>
    </Cell>
    <Cell>
        <Red>1</Red>
        <Green>0</Green>
        <Blue>1</Blue>
        <Black>0</Black>
        <Image>rgb/1010.jpg</Image>
    </Cell>
    <Cell>
        <Red>1</Red>
        <Green>1</Green>
        <Blue>0</Blue>
        <Black>0</Black>
        <Image>rgb/1100.jpg</Image>
    </Cell>
    <Cell>
        <Red>1</Red>
        <Green>1</Green>
        <Blue>1</Blue>
        <Black>0</Black>
        <Image>rgb/1110.jpg</Image>
    </Cell>
    <Cell>
        <Red>0</Red>
        <Green>0</Green>
        <Blue>0</Blue>
        <Black>1</Black>
        <Image>rgb/0001.jpg</Image>
    </Cell>
    <Cell>
        <Red>0</Red>
        <Green>0</Green>
        <Blue>1</Blue>
        <Black>1</Black>
        <Image>rgb/0011.jpg</Image>
    </Cell>
    <Cell>
        <Red>0</Red>
        <Green>1</Green>
        <Blue>0</Blue>
        <Black>1</Black>
        <Image>rgb/0101.jpg</Image>
    </Cell>
    <Cell>
        <Red>0</Red>
        <Green>1</Green>
        <Blue>1</Blue>
        <Black>1</Black>
        <Image>rgb/0111.jpg</Image>
    </Cell>
    <Cell>
        <Red>1</Red>
        <Green>0</Green>
        <Blue>0</Blue>
        <Black>1</Black>
        <Image>rgb/1001.jpg</Image>
    </Cell>
    <Cell>
        <Red>1</Red>
        <Green>0</Green>
        <Blue>1</Blue>
        <Black>1</Black>
        <Image>rgb/1011.jpg</Image>
    </Cell>
    <Cell>
        <Red>1</Red>
        <Green>1</Green>
        <Blue>0</Blue>
        <Black>1</Black>
        <Image>rgb/1101.jpg</Image>
    </Cell>
    <Cell>
        <Red>1</Red>
        <Green>1</Green>
        <Blue>1</Blue>
        <Black>1</Black>
        <Image>rgb/1111.jpg</Image>
    </Cell>
</BoardCoding>
